-- phpMyAdmin SQL Dump
-- version 4.7.0
-- https://www.phpmyadmin.net/
--
-- Host: 127.0.0.1
-- Generation Time: Nov 14, 2017 at 03:00 PM
-- Server version: 10.1.25-MariaDB
-- PHP Version: 7.1.7

SET SQL_MODE = "NO_AUTO_VALUE_ON_ZERO";
SET AUTOCOMMIT = 0;
START TRANSACTION;
SET time_zone = "+00:00";


/*!40101 SET @OLD_CHARACTER_SET_CLIENT=@@CHARACTER_SET_CLIENT */;
/*!40101 SET @OLD_CHARACTER_SET_RESULTS=@@CHARACTER_SET_RESULTS */;
/*!40101 SET @OLD_COLLATION_CONNECTION=@@COLLATION_CONNECTION */;
/*!40101 SET NAMES utf8mb4 */;

--
-- Database: `control`
--

-- --------------------------------------------------------

--
-- Table structure for table `divisions`
--

CREATE TABLE `divisions` (
  `id` int(11) NOT NULL,
  `libelle` varchar(191) COLLATE utf8mb4_unicode_ci NOT NULL,
  `abbr` varchar(20) COLLATE utf8mb4_unicode_ci NOT NULL,
  `isControlable` smallint(1) DEFAULT '0',
  `created_at` timestamp NULL DEFAULT NULL,
  `updated_at` timestamp NULL DEFAULT NULL
) ENGINE=InnoDB DEFAULT CHARSET=utf8mb4 COLLATE=utf8mb4_unicode_ci;

--
-- Dumping data for table `divisions`
--

INSERT INTO `divisions` (`id`, `libelle`, `abbr`, `isControlable`, `created_at`, `updated_at`) VALUES
(1, 'قسم الشؤون التقنية', 'ق ش ت', 0, '2017-08-28 14:42:29', '2017-09-13 05:31:13'),
(2, 'قسم الموارد البشرية', 'ق م ب', 0, '2017-08-28 16:16:08', '2017-09-13 05:30:57'),
(3, 'قسم الجماعات المحلية', 'ق ج م', 0, '2017-09-11 14:52:29', '2017-09-13 05:30:39'),
(4, 'قسم الشؤون القروية', 'ق ش ق', 0, '2017-09-11 14:52:57', '2017-09-13 05:30:24'),
(5, 'قسم التعمير و البيئة', 'ق ت ب', 0, '2017-09-11 14:53:34', '2017-09-13 05:30:14'),
(6, 'قسم الشؤون الاقتصادية و التنسيق', 'ق ش ا ت', 0, '2017-09-11 16:36:52', '2017-09-13 05:29:53'),
(7, 'قسم الشؤون المالية', 'ق ش م', 0, '2017-09-11 16:37:13', '2017-09-13 05:29:16'),
(8, 'قسم الشؤون الداخلية', 'ق ش د', 0, '2017-09-11 16:37:51', '2017-09-13 05:29:06'),
(9, 'قسم الشؤون الاجتماعية', 'ق ش ا', 0, '2017-09-11 16:38:24', '2017-09-13 05:28:54'),
(10, 'الكتابة العامة', 'ك ع', 0, '2017-09-11 16:38:47', '2017-09-15 04:12:19'),
(11, 'الخلية الاقليمة للمعلوميات', 'خلية', 0, '2017-09-11 16:39:31', '2017-09-13 05:28:17'),
(12, 'الجوازات', 'الجوازات', 0, '2017-09-14 00:45:34', '2017-09-14 00:45:34'),
(13, 'الرميد', 'الرميد', 0, '2017-09-14 00:45:51', '2017-09-14 00:45:51'),
(14, 'حمل السلاح', 'السلاح', 0, '2017-09-14 00:46:11', '2017-09-14 00:46:11'),
(15, 'الابوستيل', 'الابستيل', 0, '2017-09-14 00:46:23', '2017-09-14 00:46:23'),
(16, 'مكتب الضبط', 'الضبط', 0, '2017-09-14 00:46:44', '2017-09-14 00:46:44'),
(17, 'الحالة المدنية', 'ح.م', 0, '2017-09-14 23:26:42', '2017-09-14 23:26:42'),
(18, 'مدير الديوان', 'م.د', 0, '2017-09-14 23:27:19', '2017-09-14 23:27:19'),
(19, 'الجمعيات', 'جمع', 0, '2017-09-14 23:27:48', '2017-09-14 23:27:48'),
(20, 'المجلس الاقليمي', 'م.ا', 0, '2017-09-14 23:28:14', '2017-09-14 23:28:14'),
(21, 'الصحافة', 'ص', 0, '2017-09-14 23:28:35', '2017-09-14 23:28:35'),
(22, 'الاجانب', 'الاج', 0, '2017-09-14 23:28:55', '2017-09-14 23:28:55'),
(23, 'الارامل', 'الار', 0, '2017-09-14 23:29:50', '2017-09-14 23:29:50');

-- --------------------------------------------------------

--
-- Table structure for table `migrations`
--

CREATE TABLE `migrations` (
  `id` int(10) UNSIGNED NOT NULL,
  `migration` varchar(191) COLLATE utf8mb4_unicode_ci NOT NULL,
  `batch` int(11) NOT NULL
) ENGINE=InnoDB DEFAULT CHARSET=utf8mb4 COLLATE=utf8mb4_unicode_ci;

--
-- Dumping data for table `migrations`
--

INSERT INTO `migrations` (`id`, `migration`, `batch`) VALUES
(1, '2014_10_12_000000_create_users_table', 1),
(2, '2014_10_12_100000_create_password_resets_table', 1),
(3, '2017_08_01_143447_create_visiteurs_table', 1),
(4, '2017_08_01_144500_create_divisions_table', 1);

-- --------------------------------------------------------

--
-- Table structure for table `password_resets`
--

CREATE TABLE `password_resets` (
  `email` varchar(191) COLLATE utf8mb4_unicode_ci NOT NULL,
  `token` varchar(191) COLLATE utf8mb4_unicode_ci NOT NULL,
  `created_at` timestamp NULL DEFAULT NULL
) ENGINE=InnoDB DEFAULT CHARSET=utf8mb4 COLLATE=utf8mb4_unicode_ci;

-- --------------------------------------------------------

--
-- Table structure for table `users`
--

CREATE TABLE `users` (
  `id` int(10) UNSIGNED NOT NULL,
  `name` varchar(191) COLLATE utf8mb4_unicode_ci NOT NULL,
  `email` varchar(191) COLLATE utf8mb4_unicode_ci NOT NULL,
  `password` varchar(191) COLLATE utf8mb4_unicode_ci NOT NULL,
  `remember_token` varchar(100) COLLATE utf8mb4_unicode_ci DEFAULT NULL,
  `created_at` timestamp NULL DEFAULT NULL,
  `updated_at` timestamp NULL DEFAULT NULL
) ENGINE=InnoDB DEFAULT CHARSET=utf8mb4 COLLATE=utf8mb4_unicode_ci;

--
-- Dumping data for table `users`
--

INSERT INTO `users` (`id`, `name`, `email`, `password`, `remember_token`, `created_at`, `updated_at`) VALUES
(4, 'yassine', 'yassine.elmoudene@gmail.com', '$2y$10$HoCO80hosTQ61eT53wgTwuwiuF6XH1la.7XI.LRQH2i5Ih4dOhUQC', NULL, '2017-10-30 21:42:55', '2017-10-30 21:42:55'),
(5, 'abdelghafour', 'gh.ouabbou@gmail.com', '$2y$10$bn2o0uSXoWUk.TSrDAlRbOC4sUzxa/MC8YEebLfo0mG0dq/xkFxbu', NULL, '2017-11-10 01:29:15', '2017-11-10 01:29:15');

-- --------------------------------------------------------

--
-- Table structure for table `visites`
--

CREATE TABLE `visites` (
  `id` int(11) NOT NULL,
  `visiteur_id` varchar(20) COLLATE utf8mb4_unicode_ci NOT NULL,
  `division_id` int(11) NOT NULL,
  `created_at` timestamp NULL DEFAULT NULL,
  `updated_at` timestamp NULL DEFAULT NULL
) ENGINE=InnoDB DEFAULT CHARSET=utf8mb4 COLLATE=utf8mb4_unicode_ci;

--
-- Dumping data for table `visites`
--

INSERT INTO `visites` (`id`, `visiteur_id`, `division_id`, `created_at`, `updated_at`) VALUES
(60, 'JA177474', 6, '2017-09-15 17:03:39', '2017-09-15 22:03:39'),
(64, 'JH46963', 17, '2017-09-15 17:35:20', '2017-09-15 23:35:20'),
(65, 'J89431', 12, '2017-09-15 17:51:42', '2017-09-15 23:51:42'),
(73, 'JB303026', 16, '2017-09-15 19:03:31', '2017-09-15 19:03:31'),
(79, 'JB303026', 8, '2017-09-18 15:46:27', '2017-09-18 15:46:27'),
(80, 'JE151405', 13, '2017-09-18 15:59:50', '2017-09-18 15:59:50'),
(81, 'JC33698', 6, '2017-09-18 16:09:41', '2017-09-18 16:09:41'),
(82, 'JB206830', 12, '2017-09-18 18:34:42', '2017-09-18 18:34:42'),
(83, 'JB368134', 4, '2017-09-18 18:35:51', '2017-09-18 18:35:51'),
(84, 'JB461568', 17, '2017-09-18 18:42:49', '2017-09-18 18:42:49'),
(85, 'JB169269', 12, '2017-09-18 18:46:30', '2017-09-18 18:46:30'),
(86, 'I177261', 6, '2017-09-19 21:24:58', '2017-09-19 21:24:58'),
(87, 'J29818', 8, '2017-09-19 21:31:28', '2017-09-19 21:31:28'),
(88, 'G260907', 16, '2017-09-19 21:35:01', '2017-09-19 21:35:01'),
(89, 'JB325779', 16, '2017-09-19 21:37:25', '2017-09-19 21:37:25'),
(90, 'AD33806', 18, '2017-09-19 21:39:48', '2017-09-19 21:39:48'),
(91, 'I521616', 9, '2017-09-19 21:45:17', '2017-09-19 21:45:17'),
(92, 'JB303026', 6, '2017-09-19 21:46:34', '2017-09-19 21:46:34'),
(93, 'G73767', 9, '2017-09-19 21:49:14', '2017-09-19 21:49:14'),
(94, 'JB79675', 4, '2017-09-19 21:53:12', '2017-09-19 21:53:12'),
(97, 'JB283305', 1, '2017-09-20 16:30:24', '2017-09-20 16:30:24'),
(98, 'J101611', 14, '2017-09-20 16:38:58', '2017-09-20 16:38:58'),
(99, 'JB208714', 6, '2017-09-20 16:40:12', '2017-09-20 16:40:12'),
(100, 'J6710', 12, '2017-09-20 16:43:34', '2017-09-20 16:43:34'),
(101, 'J210134', 5, '2017-09-20 16:52:44', '2017-09-20 16:52:44'),
(102, 'JB149365', 20, '2017-09-20 18:01:08', '2017-09-20 18:01:08'),
(103, 'J210760', 5, '2017-09-20 20:18:47', '2017-09-20 20:18:47'),
(104, 'JH34892', 5, '2017-09-20 20:19:55', '2017-09-20 20:19:55'),
(105, 'JB297024', 5, '2017-09-20 20:23:50', '2017-09-20 20:23:50'),
(106, 'JB457060', 12, '2017-09-20 20:25:24', '2017-09-20 20:25:24'),
(107, 'V238487', 12, '2017-09-20 20:36:41', '2017-09-20 20:36:41'),
(108, 'JB173838', 12, '2017-09-20 20:38:23', '2017-09-20 20:38:23'),
(109, 'JB122679', 13, '2017-09-20 20:40:06', '2017-09-20 20:40:06'),
(110, 'JB28600', 6, '2017-09-21 16:51:23', '2017-09-21 16:51:23'),
(111, 'JB177113', 4, '2017-09-21 16:53:42', '2017-09-21 16:53:42'),
(112, 'JB230101', 9, '2017-09-21 17:03:12', '2017-09-21 17:03:12'),
(113, 'B192762', 10, '2017-09-21 17:08:45', '2017-09-21 17:08:45'),
(114, 'J169978', 14, '2017-09-21 17:25:54', '2017-09-21 17:25:54'),
(115, 'JB411553', 18, '2017-09-21 17:29:18', '2017-09-21 17:29:18'),
(116, 'J36036', 12, '2017-09-21 17:31:24', '2017-09-21 17:31:24'),
(117, 'JB79675', 3, '2017-09-21 17:32:50', '2017-09-21 17:32:50'),
(118, 'JB411553', 13, '2017-09-21 17:33:36', '2017-09-21 17:33:36'),
(119, 'BE437414', 15, '2017-09-21 17:35:13', '2017-09-21 17:35:13'),
(120, 'J20354', 13, '2017-09-21 17:36:56', '2017-09-21 17:36:56'),
(121, 'A86080', 12, '2017-09-21 17:43:04', '2017-09-21 17:43:04'),
(122, 'JB155876', 12, '2017-09-21 17:49:24', '2017-09-21 17:49:24'),
(123, 'JB88716', 22, '2017-09-21 18:14:37', '2017-09-21 18:14:37'),
(124, 'JB442571', 7, '2017-09-21 21:03:18', '2017-09-21 21:03:18'),
(125, 'A37041', 16, '2017-09-21 21:14:26', '2017-09-21 21:14:26'),
(126, 'J310806', 8, '2017-09-21 21:26:35', '2017-09-21 21:26:35'),
(127, 'JH17074', 16, '2017-09-21 21:29:20', '2017-09-21 21:29:20'),
(128, 'JB7939', 6, '2017-09-21 21:45:47', '2017-09-21 21:45:47'),
(129, 'JB103862', 3, '2017-09-21 22:28:05', '2017-09-21 22:28:05'),
(130, 'J354035', 6, '2017-09-21 22:38:03', '2017-09-21 22:38:03'),
(131, 'BJ101548', 15, '2017-09-25 16:15:43', '2017-09-25 16:15:43'),
(132, 'M409691', 14, '2017-09-25 16:19:50', '2017-09-25 16:19:50'),
(133, 'JC33698', 6, '2017-09-25 16:43:36', '2017-09-25 16:43:36'),
(134, 'J220470', 12, '2017-09-25 16:50:53', '2017-09-25 16:50:53'),
(135, 'BJ311642', 17, '2017-09-25 16:55:07', '2017-09-25 16:55:07'),
(136, 'J225016', 5, '2017-09-25 17:00:18', '2017-09-25 17:00:18'),
(137, 'JB36162', 6, '2017-09-25 17:04:06', '2017-09-25 17:04:06'),
(138, 'J39226', 6, '2017-09-25 17:05:21', '2017-09-25 17:05:21'),
(139, 'J168819', 16, '2017-09-25 17:11:04', '2017-09-25 17:11:04'),
(140, 'J379753', 16, '2017-09-25 17:21:25', '2017-09-25 17:21:25'),
(141, 'J107125', 16, '2017-09-25 17:48:54', '2017-09-25 17:48:54'),
(142, 'JH48716', 12, '2017-09-25 17:50:52', '2017-09-25 17:50:52'),
(143, 'JH40227', 12, '2017-09-25 18:16:05', '2017-09-25 18:16:05'),
(144, 'PB1049058', 12, '2017-09-25 18:34:12', '2017-09-25 18:34:12'),
(145, 'JB198388', 12, '2017-09-25 18:51:39', '2017-09-25 18:51:39'),
(146, 'JA140903', 12, '2017-09-25 18:53:30', '2017-09-25 18:53:30'),
(147, 'JB347048', 22, '2017-09-25 21:34:17', '2017-09-25 21:34:17'),
(148, 'N81262', 12, '2017-09-25 22:13:30', '2017-09-25 22:13:30'),
(149, 'J812643', 12, '2017-09-26 16:18:58', '2017-09-26 16:18:58'),
(150, 'JH45721', 6, '2017-09-26 16:20:22', '2017-09-26 16:20:22'),
(151, 'QA23397', 6, '2017-09-26 16:21:23', '2017-09-26 16:21:23'),
(152, 'JB210134', 5, '2017-09-26 16:42:44', '2017-09-26 16:42:44'),
(153, 'J12476', 18, '2017-09-26 16:44:02', '2017-09-26 16:44:02'),
(154, 'J100023', 8, '2017-09-26 17:15:42', '2017-09-26 17:15:42'),
(155, 'JA29770', 4, '2017-09-26 17:17:18', '2017-09-26 17:17:18'),
(156, 'JB421188', 12, '2017-09-26 17:18:45', '2017-09-26 17:18:45'),
(157, 'JB144927', 17, '2017-09-26 17:21:22', '2017-09-26 17:21:22'),
(159, 'A37041', 16, '2017-09-26 18:10:37', '2017-09-26 18:10:37'),
(160, 'JB8308', 18, '2017-09-26 18:23:56', '2017-09-26 18:23:56'),
(161, 'JB187032', 6, '2017-09-26 19:39:30', '2017-09-26 19:39:30'),
(162, 'B228156', 18, '2017-09-26 19:59:49', '2017-09-26 19:59:49'),
(163, 'JB69827', 16, '2017-09-26 20:41:41', '2017-09-26 20:41:41'),
(164, 'J33720', 4, '2017-09-26 22:50:08', '2017-09-26 22:50:08'),
(165, 'JB191486', 6, '2017-09-27 16:28:44', '2017-09-27 16:28:44'),
(166, 'JB169076', 6, '2017-09-27 16:34:00', '2017-09-27 16:34:00'),
(167, 'JH46640', 12, '2017-09-27 16:40:43', '2017-09-27 16:40:43'),
(168, 'JH1805', 18, '2017-09-27 17:04:02', '2017-09-27 17:04:02'),
(169, 'G228197', 13, '2017-09-27 17:09:55', '2017-09-27 17:09:55'),
(170, 'J33720', 16, '2017-09-27 17:28:04', '2017-09-27 17:28:04'),
(171, 'J304462', 6, '2017-09-27 18:55:12', '2017-09-27 18:55:12'),
(172, 'JB184117', 6, '2017-09-27 18:56:17', '2017-09-27 18:56:17'),
(173, 'JC352079', 4, '2017-09-27 21:56:28', '2017-09-27 21:56:28'),
(174, 'JB12543', 14, '2017-09-28 16:18:23', '2017-09-28 16:18:23'),
(175, 'N67337', 6, '2017-09-28 18:39:31', '2017-09-28 18:39:31'),
(176, 'JB265538', 23, '2017-09-28 18:41:55', '2017-09-28 18:41:55'),
(177, 'JB454144', 9, '2017-09-28 18:47:13', '2017-09-28 18:47:13'),
(178, 'J166192', 5, '2017-09-28 18:50:21', '2017-09-28 18:50:21'),
(179, 'JH18304', 18, '2017-09-28 20:00:24', '2017-09-28 20:00:24'),
(180, 'JH40227', 12, '2017-09-28 20:01:10', '2017-09-28 20:01:10'),
(181, 'JB139459', 6, '2017-09-28 20:17:29', '2017-09-28 20:17:29'),
(182, 'JB210134', 5, '2017-09-29 16:17:58', '2017-09-29 16:17:58'),
(184, 'V105446', 12, '2017-09-29 16:58:09', '2017-09-29 16:58:09'),
(185, 'JB361008', 12, '2017-09-29 16:59:59', '2017-09-29 16:59:59'),
(186, 'J104842', 6, '2017-09-29 17:01:04', '2017-09-29 17:01:04'),
(187, 'J819018', 12, '2017-09-29 17:02:02', '2017-09-29 17:02:02'),
(188, 'JB10257', 4, '2017-09-29 17:06:17', '2017-09-29 17:06:17'),
(189, 'JB38860', 3, '2017-09-29 18:28:31', '2017-09-29 18:28:31'),
(190, 'JC152079', 4, '2017-09-29 22:25:26', '2017-09-29 22:25:26'),
(191, 'JB46969', 12, '2017-09-29 22:26:58', '2017-09-29 22:26:58'),
(192, 'JE74979', 19, '2017-09-29 22:29:39', '2017-09-29 22:29:39'),
(193, 'A240190', 12, '2017-09-29 22:30:56', '2017-09-29 22:30:56'),
(194, 'JB64080', 1, '2017-09-29 22:32:19', '2017-09-29 22:32:19'),
(195, 'JB91896', 12, '2017-10-02 15:45:33', '2017-10-02 15:45:33'),
(196, 'JB4056', 17, '2017-10-02 16:04:22', '2017-10-02 16:04:22'),
(197, 'JE240243', 12, '2017-10-02 16:30:07', '2017-10-02 16:30:07'),
(198, 'JB436882', 12, '2017-10-02 16:36:06', '2017-10-02 16:36:06'),
(199, 'HA38454', 16, '2017-10-02 16:37:45', '2017-10-02 16:37:45'),
(200, 'EB41991', 5, '2017-10-02 16:48:36', '2017-10-02 16:48:36'),
(201, 'JM71295', 6, '2017-10-02 16:55:46', '2017-10-02 16:55:46'),
(202, 'JB 182407', 4, '2017-10-02 16:56:48', '2017-10-02 16:56:48'),
(203, 'J 23307', 18, '2017-10-02 17:06:13', '2017-10-02 17:06:13'),
(204, 'JH37689', 13, '2017-10-02 17:26:43', '2017-10-02 17:26:43'),
(205, 'J 104842', 6, '2017-10-02 18:02:18', '2017-10-02 18:02:18'),
(206, 'J224824', 18, '2017-10-02 18:35:06', '2017-10-02 18:35:06'),
(207, 'JH8173', 6, '2017-10-02 18:35:55', '2017-10-02 18:35:55'),
(208, 'JB108957', 15, '2017-10-02 18:38:09', '2017-10-02 18:38:09'),
(209, 'JB45098', 16, '2017-10-02 18:48:40', '2017-10-02 18:48:40'),
(210, 'JH3418', 6, '2017-10-02 21:51:34', '2017-10-02 21:51:34'),
(211, 'J103286', 12, '2017-10-02 22:02:27', '2017-10-02 22:02:27'),
(212, 'UA 59192', 6, '2017-10-02 22:27:27', '2017-10-02 22:27:27'),
(213, 'JH53589', 6, '2017-10-03 16:12:36', '2017-10-03 16:12:36'),
(214, 'UA35123', 4, '2017-10-03 16:20:36', '2017-10-03 16:20:36'),
(215, 'JB89197', 6, '2017-10-03 16:35:52', '2017-10-03 16:35:52'),
(216, 'JH54449', 6, '2017-10-03 16:37:54', '2017-10-03 16:37:54'),
(217, 'JH46288', 6, '2017-10-03 16:39:06', '2017-10-03 16:39:06'),
(218, 'D22112', 5, '2017-10-03 16:55:00', '2017-10-03 16:55:00'),
(219, 'ى120017', 13, '2017-10-03 16:56:48', '2017-10-03 16:56:48'),
(220, 'JB450917', 12, '2017-10-03 17:10:45', '2017-10-03 17:10:45'),
(221, 'JB291374', 9, '2017-10-03 17:17:15', '2017-10-03 17:17:15'),
(222, 'JB205290', 18, '2017-10-03 17:41:46', '2017-10-03 17:41:46'),
(223, 'E562717', 6, '2017-10-03 18:17:45', '2017-10-03 18:17:45'),
(224, 'JB219922', 16, '2017-10-03 18:19:16', '2017-10-03 18:19:16'),
(225, 'JH42389', 6, '2017-10-03 18:53:29', '2017-10-03 18:53:29'),
(226, 'JB8308', 5, '2017-10-03 19:47:45', '2017-10-03 19:47:45'),
(227, 'JH49017', 6, '2017-10-03 21:54:09', '2017-10-03 21:54:09'),
(228, 'JH13599', 6, '2017-10-04 16:12:01', '2017-10-04 16:12:01'),
(229, 'JH46641', 20, '2017-10-05 18:30:39', '2017-10-05 18:30:39'),
(230, 'JB 46960', 18, '2017-10-05 18:43:45', '2017-10-05 18:43:45'),
(231, 'JB 38860', 3, '2017-10-05 18:45:59', '2017-10-05 18:45:59'),
(232, 'JB 400795', 18, '2017-10-05 18:46:49', '2017-10-05 18:46:49'),
(233, 'JB 450700', 15, '2017-10-05 18:48:16', '2017-10-05 18:48:16'),
(234, 'JH  34740', 6, '2017-10-05 18:49:35', '2017-10-05 18:49:35'),
(235, 'JH 52008', 6, '2017-10-05 18:51:46', '2017-10-05 18:51:46'),
(236, 'JB106584', 16, '2017-10-05 19:04:08', '2017-10-05 19:04:08'),
(237, 'JB 40479', 6, '2017-10-05 19:23:27', '2017-10-05 19:23:27'),
(238, 'JH 42451', 6, '2017-10-05 19:25:03', '2017-10-05 19:25:03'),
(239, 'JB96755', 13, '2017-10-05 21:49:45', '2017-10-05 21:49:45'),
(240, 'JH8409', 12, '2017-10-05 21:55:37', '2017-10-05 21:55:37'),
(241, 'BE787301', 16, '2017-10-05 22:15:46', '2017-10-05 22:15:46'),
(242, 'G2808', 18, '2017-10-06 18:03:15', '2017-10-06 18:03:15'),
(243, 'J222963', 6, '2017-10-06 20:00:05', '2017-10-06 20:00:05'),
(244, 'JA81276', 9, '2017-10-06 20:01:09', '2017-10-06 20:01:09'),
(245, 'JH45309', 6, '2017-10-06 20:02:35', '2017-10-06 20:02:35'),
(246, 'X125768', 6, '2017-10-06 20:06:55', '2017-10-06 20:06:55'),
(247, 'JH52775', 6, '2017-10-09 19:02:57', '2017-10-09 19:02:57'),
(248, 'JH37735', 6, '2017-10-09 19:03:48', '2017-10-09 19:03:48'),
(249, 'JH46753', 6, '2017-10-09 19:07:28', '2017-10-09 19:07:28'),
(250, 'JH50078', 6, '2017-10-09 19:08:36', '2017-10-09 19:08:36'),
(251, 'J224776', 12, '2017-10-09 19:13:53', '2017-10-09 19:13:53'),
(252, 'JH47898', 6, '2017-10-10 15:45:58', '2017-10-10 15:45:58'),
(253, 'JH45113', 6, '2017-10-10 16:30:04', '2017-10-10 16:30:04'),
(254, 'V238183', 16, '2017-10-10 16:41:00', '2017-10-10 16:41:00'),
(255, 'JH 50233', 16, '2017-10-10 16:43:47', '2017-10-10 16:43:47'),
(256, 'EE146178', 16, '2017-10-10 16:50:25', '2017-10-10 16:50:25'),
(257, 'JB 495015', 4, '2017-10-10 17:05:08', '2017-10-10 17:05:08'),
(258, 'JH19519', 6, '2017-10-10 17:50:24', '2017-10-10 17:50:24'),
(259, 'JB 466330', 12, '2017-10-10 17:51:41', '2017-10-10 17:51:41'),
(260, 'JB 2118', 3, '2017-10-10 17:53:17', '2017-10-10 17:53:17'),
(261, 'JB281714', 5, '2017-10-10 17:56:33', '2017-10-10 17:56:33'),
(262, 'JB 352443', 16, '2017-10-10 18:52:22', '2017-10-10 18:52:22'),
(263, 'SH6019', 12, '2017-10-10 19:01:27', '2017-10-10 19:01:27'),
(264, 'J7219', 10, '2017-10-10 19:05:09', '2017-10-10 19:05:09'),
(265, 'JB 78541', 16, '2017-10-10 19:10:42', '2017-10-10 19:10:42'),
(266, 'JB300717', 16, '2017-10-10 20:17:31', '2017-10-10 20:17:31'),
(267, 'JB46450', 4, '2017-10-11 17:59:26', '2017-10-11 17:59:26'),
(268, 'JB 202511', 12, '2017-10-13 16:24:30', '2017-10-13 16:24:30'),
(269, 'E 402546', 13, '2017-10-13 16:34:01', '2017-10-13 16:34:01'),
(270, 'JH 46654', 12, '2017-10-13 16:35:10', '2017-10-13 16:35:10'),
(271, 'J 107082', 15, '2017-10-13 16:50:56', '2017-10-13 16:50:56'),
(272, 'JH 49058', 12, '2017-10-13 16:55:12', '2017-10-13 16:55:12'),
(273, 'JB182407', 16, '2017-10-13 17:04:00', '2017-10-13 17:04:00'),
(274, 'JC236877', 5, '2017-10-13 17:13:08', '2017-10-13 17:13:08'),
(275, 'JB 415245', 9, '2017-10-13 17:20:39', '2017-10-13 17:20:39'),
(276, 'JB489505', 6, '2017-10-13 17:37:09', '2017-10-13 17:37:09'),
(277, 'N 75279', 17, '2017-10-13 17:38:21', '2017-10-13 17:38:21'),
(278, 'JB 104940', 16, '2017-10-13 17:39:36', '2017-10-13 17:39:36'),
(279, 'JB104768', 16, '2017-10-16 22:51:23', '2017-10-16 22:51:23'),
(280, 'JB316998', 4, '2017-10-16 22:52:39', '2017-10-16 22:52:39'),
(281, 'JB352443', 16, '2017-10-16 22:54:19', '2017-10-16 22:54:19'),
(282, 'JT12500', 6, '2017-10-16 22:55:36', '2017-10-16 22:55:36'),
(283, 'A37041', 9, '2017-10-16 23:02:42', '2017-10-16 23:02:42'),
(284, 'JH36132', 6, '2017-10-16 23:04:18', '2017-10-16 23:04:18'),
(285, 'EE784166', 6, '2017-10-16 23:05:41', '2017-10-16 23:05:41'),
(286, 'JB19836', 5, '2017-10-16 23:11:37', '2017-10-16 23:11:37'),
(287, 'JB375488', 5, '2017-10-17 16:18:17', '2017-10-17 16:18:17'),
(288, 'JB98585', 12, '2017-10-17 16:24:31', '2017-10-17 16:24:31'),
(289, 'JH34757', 18, '2017-10-17 21:30:59', '2017-10-17 21:30:59'),
(290, 'J9883', 3, '2017-10-18 16:01:50', '2017-10-18 16:01:50'),
(291, 'PB64737', 14, '2017-10-18 16:38:36', '2017-10-18 16:38:36'),
(292, 'JB11342', 6, '2017-10-18 16:39:28', '2017-10-18 16:39:28'),
(293, 'JB 464919', 20, '2017-10-18 16:58:27', '2017-10-18 16:58:27'),
(294, 'JE233544', 17, '2017-10-18 17:07:36', '2017-10-18 17:07:36'),
(295, 'EE146178', 16, '2017-10-18 17:08:31', '2017-10-18 17:08:31'),
(296, 'J161803', 13, '2017-10-18 17:30:10', '2017-10-18 17:30:10'),
(297, 'JB460455', 12, '2017-10-18 17:44:23', '2017-10-18 17:44:23'),
(298, 'J 262483', 16, '2017-10-18 17:48:11', '2017-10-18 17:48:11'),
(299, 'H223285', 18, '2017-10-18 17:57:49', '2017-10-18 17:57:49'),
(300, 'JB 203286', 12, '2017-10-18 18:19:26', '2017-10-18 18:19:26'),
(301, 'JB 312882', 12, '2017-10-18 18:33:04', '2017-10-18 18:33:04'),
(302, 'JH40335', 6, '2017-10-18 19:35:17', '2017-10-18 19:35:17'),
(303, 'J260343', 4, '2017-10-19 18:31:48', '2017-10-19 18:31:48'),
(304, 'J207055', 4, '2017-10-19 19:03:58', '2017-10-19 19:03:58'),
(305, 'V256565', 6, '2017-10-19 19:10:09', '2017-10-19 19:10:09'),
(306, 'JB14287', 6, '2017-10-19 19:11:21', '2017-10-19 19:11:21'),
(307, 'JB69711', 16, '2017-10-19 19:14:23', '2017-10-19 19:14:23'),
(308, 'JB28117', 16, '2017-10-19 19:15:19', '2017-10-19 19:15:19'),
(309, 'H429255', 17, '2017-10-19 19:16:33', '2017-10-19 19:16:33'),
(310, 'J7219', 10, '2017-10-19 19:17:14', '2017-10-19 19:17:14'),
(311, 'JB8308', 16, '2017-10-19 19:17:53', '2017-10-19 19:17:53'),
(312, 'JB45941', 16, '2017-10-19 21:07:11', '2017-10-19 21:07:11'),
(313, 'JB432015', 15, '2017-10-19 21:08:37', '2017-10-19 21:08:37'),
(314, 'JB24251', 7, '2017-10-19 21:10:10', '2017-10-19 21:10:10'),
(315, 'JB134169', 6, '2017-10-19 21:44:33', '2017-10-19 21:44:33'),
(316, 'JC255642', 6, '2017-10-19 22:31:17', '2017-10-19 22:31:17'),
(317, 'H365522', 23, '2017-10-20 16:28:31', '2017-10-20 16:28:31'),
(318, 'JB8308', 5, '2017-10-20 16:47:39', '2017-10-20 16:47:39'),
(319, 'P284980', 5, '2017-10-20 16:48:51', '2017-10-20 16:48:51'),
(320, 'M329736', 6, '2017-10-20 16:58:50', '2017-10-20 16:58:50'),
(321, 'I430812', 6, '2017-10-20 17:31:57', '2017-10-20 17:31:57'),
(322, 'JH39010', 10, '2017-10-20 17:43:51', '2017-10-20 17:43:51'),
(323, 'JH43525', 18, '2017-10-20 18:16:37', '2017-10-20 18:16:37'),
(324, 'V238741', 6, '2017-10-23 18:35:00', '2017-10-23 18:35:00'),
(325, 'JH43439', 6, '2017-10-23 18:51:22', '2017-10-23 18:51:22'),
(326, 'SL 11229', 12, '2017-11-08 21:56:02', '2017-11-08 21:56:02'),
(327, 'JE 215468', 12, '2017-11-08 22:25:09', '2017-11-08 22:25:09'),
(328, 'SH22568', 6, '2017-11-08 22:54:04', '2017-11-08 22:54:04'),
(329, 'J219922', 16, '2017-11-08 22:58:00', '2017-11-08 22:58:00'),
(330, 'PB179323', 16, '2017-11-08 23:00:39', '2017-11-08 23:00:39'),
(331, 'JB 149209', 16, '2017-11-08 23:02:50', '2017-11-08 23:02:50'),
(332, 'JB354790', 6, '2017-11-08 23:03:58', '2017-11-08 23:03:58'),
(333, 'M329736', 13, '2017-11-08 23:04:30', '2017-11-08 23:04:30'),
(334, 'JH44552', 6, '2017-11-08 23:05:38', '2017-11-08 23:05:38'),
(335, 'JB227095', 13, '2017-11-08 23:06:28', '2017-11-08 23:06:28'),
(336, 'J105740', 16, '2017-11-08 23:07:27', '2017-11-08 23:07:27');

-- --------------------------------------------------------

--
-- Table structure for table `visiteurs`
--

CREATE TABLE `visiteurs` (
  `id` varchar(20) COLLATE utf8mb4_unicode_ci NOT NULL,
  `nom` varchar(20) CHARACTER SET utf8 NOT NULL,
  `prenom` varchar(20) CHARACTER SET utf8 NOT NULL,
  `dateNaissance` date DEFAULT NULL,
  `adresse` varchar(255) CHARACTER SET utf8 DEFAULT NULL,
  `tel` varchar(20) COLLATE utf8mb4_unicode_ci DEFAULT NULL,
  `isBlocked` tinyint(1) DEFAULT NULL,
  `reason` varchar(500) COLLATE utf8mb4_unicode_ci DEFAULT NULL,
  `created_at` timestamp NULL DEFAULT NULL,
  `updated_at` timestamp NULL DEFAULT NULL
) ENGINE=InnoDB DEFAULT CHARSET=utf8mb4 COLLATE=utf8mb4_unicode_ci;

--
-- Dumping data for table `visiteurs`
--

INSERT INTO `visiteurs` (`id`, `nom`, `prenom`, `dateNaissance`, `adresse`, `tel`, `isBlocked`, `reason`, `created_at`, `updated_at`) VALUES
('A240190', 'أوشن', 'مبارك', NULL, NULL, NULL, NULL, NULL, '2017-09-29 22:30:56', '2017-09-29 22:30:56'),
('A37041', 'بوتفيسي', 'الحسين', NULL, NULL, NULL, 1, 'المعني بالأمر يكثر من الشكايات عديمة المعنى', '2017-09-21 21:14:26', '2017-11-10 01:33:22'),
('A86080', 'الدبزات', 'محمد', NULL, NULL, NULL, NULL, NULL, '2017-09-21 17:43:04', '2017-09-21 17:43:04'),
('AD33806', 'امبارك', 'العسري', NULL, NULL, NULL, NULL, NULL, '2017-09-19 21:39:48', '2017-09-19 21:39:48'),
('B192762', 'امكور', 'علي', '1941-01-01', 'فربسا', NULL, NULL, NULL, '2017-09-21 17:08:45', '2017-09-21 17:08:45'),
('B228156', 'بوجابيت', 'محمد', NULL, NULL, NULL, NULL, NULL, '2017-09-26 19:59:49', '2017-09-26 19:59:49'),
('BE437414', 'محتيج', 'خليل', NULL, NULL, NULL, NULL, NULL, '2017-09-21 17:35:12', '2017-09-21 17:35:12'),
('BE787301', 'بوتزريه', 'معاد', NULL, NULL, NULL, NULL, NULL, '2017-10-05 22:15:46', '2017-10-05 22:15:46'),
('BJ101548', 'موزون', 'الطيب', NULL, NULL, NULL, NULL, NULL, '2017-09-25 16:15:43', '2017-09-25 16:15:43'),
('BJ311642', 'ابلة', 'الحسن', NULL, NULL, NULL, NULL, NULL, '2017-09-25 16:55:07', '2017-09-25 16:55:07'),
('D22112', 'بدوح', 'الحسان', NULL, NULL, NULL, NULL, NULL, '2017-10-03 16:55:00', '2017-10-03 16:55:00'),
('E 402546', 'العبدلاوي', 'عمر', NULL, NULL, NULL, NULL, NULL, '2017-10-13 16:34:01', '2017-10-13 16:34:01'),
('E562717', 'الخيراني', 'حياة', NULL, NULL, NULL, NULL, NULL, '2017-10-03 18:17:45', '2017-10-03 18:17:45'),
('EB41991', 'ابضار', 'محمد', NULL, NULL, NULL, NULL, NULL, '2017-10-02 16:48:35', '2017-10-02 16:48:35'),
('EE146178', 'بوخار', 'فاطمة', NULL, NULL, NULL, NULL, NULL, '2017-10-10 16:50:25', '2017-10-10 16:50:25'),
('EE784166', 'حافظ', 'محمد', NULL, NULL, NULL, NULL, NULL, '2017-10-16 23:05:41', '2017-10-16 23:05:41'),
('G228197', 'ايت الطالب', 'احمد', NULL, NULL, NULL, NULL, NULL, '2017-09-27 17:09:55', '2017-09-27 17:09:55'),
('G260907', 'بعلي', 'الحسن', NULL, NULL, NULL, NULL, NULL, '2017-09-19 21:35:01', '2017-09-19 21:35:01'),
('G2808', 'بوتقاتين', 'احمدن', NULL, NULL, NULL, NULL, NULL, '2017-10-06 18:03:15', '2017-10-06 18:03:15'),
('G73767', 'بزهات', 'العربي', NULL, NULL, NULL, NULL, NULL, '2017-09-19 21:49:14', '2017-09-19 21:49:14'),
('H223285', 'اركاز', 'خديجة', NULL, NULL, NULL, NULL, NULL, '2017-10-18 17:57:49', '2017-10-18 17:57:49'),
('H365522', 'ارويحة', 'حفيظة', NULL, NULL, NULL, NULL, NULL, '2017-10-20 16:28:31', '2017-10-20 16:28:31'),
('H429255', 'امعيز', 'حنان', NULL, NULL, NULL, NULL, NULL, '2017-10-19 19:16:33', '2017-10-19 19:16:33'),
('HA38454', 'الراحمي', 'عيدة', NULL, NULL, NULL, NULL, NULL, '2017-10-02 16:37:45', '2017-10-02 16:37:45'),
('I177261', 'عاني', 'احمد', NULL, NULL, NULL, NULL, NULL, '2017-09-19 21:24:58', '2017-09-19 21:24:58'),
('I430812', 'بوزدي', 'عمر', NULL, NULL, NULL, NULL, NULL, '2017-10-20 17:31:57', '2017-10-20 17:31:57'),
('I521616', 'صديق', 'حكيمة', NULL, NULL, NULL, NULL, NULL, '2017-09-19 21:45:17', '2017-09-19 21:45:17'),
('J 104842', 'الحنين', 'عبد الله', NULL, NULL, NULL, NULL, NULL, '2017-10-02 18:02:18', '2017-10-02 18:02:18'),
('J 107082', 'ابوري', 'الحسن', NULL, NULL, NULL, NULL, NULL, '2017-10-13 16:50:56', '2017-10-13 16:50:56'),
('J 23307', 'جنا', 'احمد', NULL, NULL, NULL, NULL, NULL, '2017-10-02 17:06:13', '2017-10-02 17:06:13'),
('J 262483', 'لغزال', 'رشيد', NULL, NULL, NULL, NULL, NULL, '2017-10-18 17:48:11', '2017-10-18 17:48:11'),
('J100023', 'اسكار', 'الحسن', NULL, NULL, NULL, NULL, NULL, '2017-09-26 17:15:42', '2017-09-26 17:15:42'),
('J101611', 'ساخي', 'محمد', NULL, NULL, NULL, NULL, NULL, '2017-09-20 16:38:58', '2017-09-20 16:38:58'),
('J103286', 'المريسي', 'علي', NULL, NULL, NULL, NULL, NULL, '2017-10-02 22:02:27', '2017-10-02 22:02:27'),
('J104842', 'حنين', 'عبد الله', NULL, NULL, NULL, NULL, NULL, '2017-09-29 17:01:04', '2017-09-29 17:01:04'),
('J105740', 'الخليل', 'علي', NULL, NULL, NULL, NULL, NULL, '2017-11-08 23:07:27', '2017-11-08 23:07:27'),
('J107125', 'دراج', 'عبد الرحمان', NULL, NULL, NULL, NULL, NULL, '2017-09-25 17:48:54', '2017-09-25 17:48:54'),
('J12476', 'بن وناس', 'محمد', NULL, NULL, NULL, NULL, NULL, '2017-09-26 16:44:02', '2017-09-26 16:44:02'),
('J161803', 'ابنون', 'الحسن', NULL, NULL, NULL, NULL, NULL, '2017-10-18 17:30:10', '2017-10-18 17:30:10'),
('J166192', 'وفقير', 'عمر', NULL, NULL, NULL, NULL, NULL, '2017-09-28 18:50:21', '2017-09-28 18:50:21'),
('J168819', 'اوالطالب', 'ابراهيم', NULL, NULL, NULL, NULL, NULL, '2017-09-25 17:11:03', '2017-09-25 17:11:03'),
('J169978', 'اكنو', 'سعيد', NULL, NULL, NULL, NULL, NULL, '2017-09-21 17:25:54', '2017-09-21 17:25:54'),
('J20354', 'مبارك', 'موكير', NULL, NULL, NULL, NULL, NULL, '2017-09-21 17:36:56', '2017-09-21 17:36:56'),
('J207055', 'احريش', 'سعيد', NULL, NULL, NULL, NULL, NULL, '2017-10-19 19:03:58', '2017-10-19 19:03:58'),
('J210134', 'زولاي', 'عزيز', NULL, NULL, NULL, NULL, NULL, '2017-09-20 16:52:44', '2017-09-20 16:52:44'),
('J210760', 'موهيم', 'علي', NULL, NULL, NULL, NULL, NULL, '2017-09-20 20:18:47', '2017-09-20 20:18:47'),
('J219922', 'على الله', 'كرم', NULL, NULL, NULL, NULL, NULL, '2017-11-08 22:58:00', '2017-11-08 22:58:00'),
('J220470', 'دربوني', 'محمد', NULL, NULL, NULL, NULL, NULL, '2017-09-25 16:50:53', '2017-09-25 16:50:53'),
('J222963', 'ازكنان', 'عمر', NULL, NULL, NULL, NULL, NULL, '2017-10-06 20:00:05', '2017-10-06 20:00:05'),
('J224776', 'اخراز', 'ابراهيم', NULL, NULL, NULL, NULL, NULL, '2017-10-09 19:13:53', '2017-10-09 19:13:53'),
('J224824', 'ماين', 'ابراهيم', NULL, NULL, NULL, NULL, NULL, '2017-10-02 18:35:06', '2017-10-02 18:35:06'),
('J225016', 'لفرايس', 'مبارك', NULL, NULL, NULL, NULL, NULL, '2017-09-25 17:00:18', '2017-09-25 17:00:18'),
('J260343', 'عبيد', 'علي', NULL, NULL, NULL, NULL, NULL, '2017-10-19 18:31:48', '2017-10-19 18:31:48'),
('J29818', 'الكبداني', 'مولاي حفيظ', NULL, NULL, NULL, NULL, NULL, '2017-09-19 21:31:28', '2017-09-19 21:31:28'),
('J304462', 'ونير', 'الطيب', NULL, NULL, NULL, NULL, NULL, '2017-09-27 18:55:12', '2017-09-27 18:55:12'),
('J310806', 'ايت مبارك', 'اعراب', NULL, NULL, NULL, NULL, NULL, '2017-09-21 21:26:35', '2017-09-21 21:26:35'),
('J33720', 'الهنسي', 'محمد', NULL, NULL, NULL, NULL, NULL, '2017-09-26 22:50:08', '2017-09-26 22:50:08'),
('J354035', 'ساتيس', 'عبدالاله', NULL, NULL, NULL, NULL, NULL, '2017-09-21 22:38:03', '2017-09-21 22:38:03'),
('J36036', 'سليماني', 'ابراهيم', NULL, NULL, NULL, NULL, NULL, '2017-09-21 17:31:24', '2017-09-21 17:31:24'),
('J379753', 'ايت برايم', 'حسن', NULL, NULL, NULL, NULL, NULL, '2017-09-25 17:21:25', '2017-09-25 17:21:25'),
('J39226', 'بوفنزي', 'محمد', NULL, NULL, NULL, NULL, NULL, '2017-09-25 17:05:21', '2017-09-25 17:05:21'),
('J6710', 'الهلا', 'مصطفى', NULL, NULL, NULL, NULL, NULL, '2017-09-20 16:43:34', '2017-09-20 16:43:34'),
('J7219', 'الغريب', 'الحسن', NULL, NULL, NULL, NULL, NULL, '2017-10-10 19:05:09', '2017-10-10 19:05:09'),
('J806806', 'موسو', 'محمد', NULL, NULL, NULL, NULL, NULL, '2017-09-18 15:41:33', '2017-09-18 15:41:33'),
('J812643', 'اوعين', 'محمد', NULL, NULL, NULL, NULL, NULL, '2017-09-26 16:18:58', '2017-09-26 16:18:58'),
('J819018', 'اضرب', 'لحسن', NULL, NULL, NULL, NULL, NULL, '2017-09-29 17:02:02', '2017-09-29 17:02:02'),
('J89431', 'محمد', 'ايت شاكر', NULL, NULL, NULL, NULL, NULL, '2017-09-14 01:05:43', '2017-09-14 01:05:43'),
('J9883', 'بنينغ', 'احمد', NULL, NULL, NULL, NULL, NULL, '2017-10-18 16:01:50', '2017-10-18 16:01:50'),
('JA140903', 'الساخي', 'لحسين', NULL, NULL, NULL, NULL, NULL, '2017-09-25 18:53:30', '2017-09-25 18:53:30'),
('JA177474', 'عدي', 'احمد', NULL, NULL, NULL, NULL, NULL, '2017-09-15 23:31:10', '2017-09-15 23:31:10'),
('JA29770', 'وفاق', 'نبيل', NULL, NULL, NULL, NULL, NULL, '2017-09-26 17:17:18', '2017-09-26 17:17:18'),
('JA81276', 'الوالي', 'محمد', NULL, NULL, NULL, NULL, NULL, '2017-10-06 20:01:09', '2017-10-06 20:01:09'),
('JB 104940', 'طاها', 'عبد السلام', NULL, NULL, NULL, NULL, NULL, '2017-10-13 17:39:36', '2017-10-13 17:39:36'),
('JB 149209', 'بحموا', 'ادر', NULL, NULL, NULL, NULL, NULL, '2017-11-08 23:02:50', '2017-11-08 23:02:50'),
('JB 182407', 'الياميني', 'ادريس', NULL, NULL, NULL, NULL, NULL, '2017-10-02 16:56:48', '2017-10-02 16:56:48'),
('JB 202511', 'طالب يحيا', 'فاطمة', NULL, NULL, NULL, NULL, NULL, '2017-10-13 16:24:30', '2017-10-13 16:24:30'),
('JB 203286', 'الجوهري', 'زهرة', NULL, NULL, NULL, NULL, NULL, '2017-10-18 18:19:26', '2017-10-18 18:19:26'),
('JB 2118', 'الناصري', 'يوسف', NULL, NULL, NULL, NULL, NULL, '2017-10-10 17:53:17', '2017-10-10 17:53:17'),
('JB 312882', 'بوشان', 'حسن', NULL, NULL, NULL, NULL, NULL, '2017-10-18 18:33:04', '2017-10-18 18:33:04'),
('JB 352443', 'كجلا', 'الحسن', NULL, NULL, NULL, NULL, NULL, '2017-10-10 18:52:22', '2017-10-10 18:52:22'),
('JB 38860', 'اكرام', 'محمد', NULL, NULL, NULL, NULL, NULL, '2017-10-05 18:45:59', '2017-10-05 18:45:59'),
('JB 400795', 'ابريك', 'محمد', NULL, NULL, NULL, NULL, NULL, '2017-10-05 18:46:49', '2017-10-05 18:46:49'),
('JB 40479', 'بلاوي', 'عبد الله', NULL, NULL, NULL, NULL, NULL, '2017-10-05 19:23:27', '2017-10-05 19:23:27'),
('JB 415245', 'سيعدي', 'مينة', NULL, NULL, NULL, NULL, NULL, '2017-10-13 17:20:39', '2017-10-13 17:20:39'),
('JB 450700', 'المودن', 'نادية', NULL, NULL, NULL, NULL, NULL, '2017-10-05 18:48:16', '2017-10-05 18:48:16'),
('JB 464919', 'حناوي', 'عبدالرحيم', NULL, NULL, NULL, NULL, NULL, '2017-10-18 16:58:27', '2017-10-18 16:58:27'),
('JB 466330', 'جقير', 'رشيد', NULL, NULL, NULL, NULL, NULL, '2017-10-10 17:51:41', '2017-10-10 17:51:41'),
('JB 46960', 'بها', 'الحسين', NULL, NULL, NULL, NULL, NULL, '2017-10-05 18:43:45', '2017-10-05 18:43:45'),
('JB 495015', 'ايت ابشرة', 'سعد', NULL, NULL, NULL, NULL, NULL, '2017-10-10 17:05:08', '2017-10-10 17:05:08'),
('JB 78541', 'الساهل بن براهيم', 'محمد', NULL, NULL, NULL, NULL, NULL, '2017-10-10 19:10:42', '2017-10-10 19:10:42'),
('JB10257', 'اجرار', 'محمد', NULL, NULL, NULL, NULL, NULL, '2017-09-29 17:06:17', '2017-09-29 17:06:17'),
('JB103862', 'العسري', 'المحفوظ', NULL, NULL, NULL, NULL, NULL, '2017-09-21 22:28:05', '2017-09-21 22:28:05'),
('JB104768', 'باعمراني', 'عيسى', NULL, NULL, NULL, NULL, NULL, '2017-10-16 22:51:23', '2017-10-16 22:51:23'),
('JB106584', 'المامون', 'محمد', NULL, NULL, NULL, NULL, NULL, '2017-10-05 19:04:08', '2017-10-05 19:04:08'),
('JB108957', 'امليك', 'جامع', NULL, NULL, NULL, NULL, NULL, '2017-10-02 18:38:09', '2017-10-02 18:38:09'),
('JB11342', 'صوفيح', 'فاطمة', NULL, NULL, NULL, NULL, NULL, '2017-10-18 16:39:28', '2017-10-18 16:39:28'),
('JB122679', 'الزبايل', 'ابراهيم', NULL, NULL, NULL, NULL, NULL, '2017-09-20 20:40:06', '2017-09-20 20:40:06'),
('JB12543', 'محمد', 'اوعين', NULL, NULL, NULL, NULL, NULL, '2017-09-28 16:18:22', '2017-09-28 16:18:22'),
('JB134169', 'بويا', 'زينة', NULL, NULL, NULL, NULL, NULL, '2017-10-19 21:44:33', '2017-10-19 21:44:33'),
('JB139459', 'حمدوشي', 'شامة', NULL, NULL, NULL, NULL, NULL, '2017-09-28 20:17:29', '2017-09-28 20:17:29'),
('JB14287', 'امسكين', 'عبدالله', NULL, NULL, NULL, NULL, NULL, '2017-10-19 19:11:21', '2017-10-19 19:11:21'),
('JB144927', 'بوركوس', 'محند', NULL, NULL, NULL, NULL, NULL, '2017-09-26 17:21:22', '2017-09-26 17:21:22'),
('JB149365', 'بن دادان', 'احمد', NULL, NULL, NULL, NULL, NULL, '2017-09-20 18:01:08', '2017-09-20 18:01:08'),
('JB155876', 'بوباد', 'الحسين', NULL, NULL, NULL, NULL, NULL, '2017-09-21 17:49:24', '2017-09-21 17:49:24'),
('JB169076', 'البحشاش', 'عبد العزيز', NULL, NULL, NULL, NULL, NULL, '2017-09-27 16:34:00', '2017-09-27 16:34:00'),
('JB169269', 'ازرقي', 'حسن', NULL, 'دوار امهايش', NULL, NULL, NULL, '2017-09-18 18:46:30', '2017-09-18 18:46:30'),
('JB173838', 'الغازي', 'مليكة', NULL, NULL, NULL, NULL, NULL, '2017-09-20 20:38:23', '2017-09-20 20:38:23'),
('JB177113', 'سعيدي', 'ابراهيم', '1974-02-10', 'حي العزيب القليعة', NULL, NULL, NULL, '2017-09-21 16:53:42', '2017-09-21 16:53:42'),
('JB182407', 'الياميني', 'ادريس', NULL, NULL, NULL, NULL, NULL, '2017-10-13 17:04:00', '2017-10-13 17:04:00'),
('JB184117', 'المودن', 'محمد', NULL, NULL, NULL, NULL, NULL, '2017-09-27 18:56:17', '2017-09-27 18:56:17'),
('JB187032', 'الحسني', 'صالح', NULL, NULL, NULL, NULL, NULL, '2017-09-26 19:39:30', '2017-09-26 19:39:30'),
('JB191406', 'دكاير', 'سعيد', NULL, NULL, NULL, NULL, NULL, '2017-09-19 21:59:30', '2017-09-19 21:59:30'),
('JB191486', 'دكاير', 'سعيد', NULL, NULL, NULL, NULL, NULL, '2017-09-27 16:28:44', '2017-09-27 16:28:44'),
('JB19836', 'اشهبون', 'محمد', NULL, NULL, NULL, NULL, NULL, '2017-10-16 23:11:37', '2017-10-16 23:11:37'),
('JB198388', 'هيون', 'رشيد', NULL, NULL, NULL, NULL, NULL, '2017-09-25 18:51:39', '2017-09-25 18:51:39'),
('JB205290', 'بن حسن', 'عبدالله', NULL, NULL, NULL, NULL, NULL, '2017-10-03 17:41:46', '2017-10-03 17:41:46'),
('JB206830', 'asahnoun', 'abderahim', NULL, 'belfaa', NULL, NULL, NULL, '2017-09-18 18:34:42', '2017-09-18 18:34:42'),
('JB208714', 'بوهوش', 'فاطمة', NULL, NULL, NULL, NULL, NULL, '2017-09-20 16:40:12', '2017-09-20 16:40:12'),
('JB210134', 'زولاي', 'عزيز', NULL, NULL, NULL, NULL, NULL, '2017-09-26 16:42:44', '2017-09-26 16:42:44'),
('JB219922', 'مناض', 'الحسن', NULL, NULL, NULL, NULL, NULL, '2017-10-03 18:19:16', '2017-10-03 18:19:16'),
('JB227095', 'بغلا', 'زينة', NULL, NULL, NULL, NULL, NULL, '2017-11-08 23:06:28', '2017-11-08 23:06:28'),
('JB230101', 'بواللوز', 'حسن', '1981-08-18', 'دوار ايت بوالصبون', NULL, NULL, NULL, '2017-09-21 17:03:12', '2017-09-21 17:03:12'),
('JB24251', 'كروش', 'علي', NULL, NULL, NULL, NULL, NULL, '2017-10-19 21:10:10', '2017-10-19 21:10:10'),
('JB265538', 'اوبيهي', 'كلثومة', NULL, NULL, NULL, NULL, NULL, '2017-09-28 18:41:55', '2017-09-28 18:41:55'),
('JB28117', 'ازعنون', 'جامع', NULL, NULL, NULL, NULL, NULL, '2017-10-19 19:15:19', '2017-10-19 19:15:19'),
('JB281714', 'مزيان', 'عمر', NULL, NULL, NULL, NULL, NULL, '2017-10-10 17:56:33', '2017-10-10 17:56:33'),
('JB283305', 'الطاهري', 'احمد', NULL, 'بيوكرى', NULL, NULL, NULL, '2017-09-20 16:30:24', '2017-09-20 16:30:24'),
('JB28600', 'بن الفقير', 'الحسن', NULL, NULL, NULL, NULL, NULL, '2017-09-21 16:51:23', '2017-09-21 16:51:23'),
('JB28783', 'وزامه', 'الحسن', NULL, NULL, NULL, NULL, NULL, '2017-09-19 23:28:22', '2017-09-19 23:28:22'),
('JB291374', 'دهبي', 'ايدر', NULL, NULL, NULL, NULL, NULL, '2017-10-03 17:17:15', '2017-10-03 17:17:15'),
('JB297024', 'مومد', 'محمد', NULL, NULL, NULL, NULL, NULL, '2017-09-20 20:23:50', '2017-09-20 20:23:50'),
('JB300717', 'اوفقير', 'براهيم', NULL, NULL, NULL, NULL, NULL, '2017-10-10 20:17:31', '2017-10-10 20:17:31'),
('JB303026', 'بودكوس', 'الحسن', '1980-11-23', 'دوار تالبرجت الصفاء', NULL, NULL, NULL, '2017-09-15 19:03:31', '2017-09-15 19:03:31'),
('JB316998', 'العسري', 'فاطمة', NULL, NULL, NULL, NULL, NULL, '2017-10-16 22:52:39', '2017-10-16 22:52:39'),
('JB325779', 'جواب', 'الحبيب', NULL, NULL, NULL, NULL, NULL, '2017-09-19 21:37:25', '2017-09-19 21:37:25'),
('JB347048', 'معريش', 'جامع', NULL, 'الصفا', NULL, NULL, NULL, '2017-09-25 21:34:17', '2017-09-25 21:34:17'),
('JB352443', 'كجلا', 'الحسن', NULL, NULL, NULL, NULL, NULL, '2017-10-16 22:54:19', '2017-10-16 22:54:19'),
('JB354790', 'ومحند', 'الحسن', NULL, NULL, NULL, NULL, NULL, '2017-11-08 23:03:58', '2017-11-08 23:03:58'),
('JB361008', 'أمسهوب', 'أحمد', NULL, NULL, NULL, NULL, NULL, '2017-09-29 16:59:59', '2017-09-29 16:59:59'),
('JB36162', 'المودن', 'مبارك', NULL, NULL, NULL, NULL, NULL, '2017-09-25 17:04:06', '2017-09-25 17:04:06'),
('JB368134', 'eljarfari', 'hadiya', '1982-03-22', 'dr tadaret sidi bibi', NULL, NULL, NULL, '2017-09-18 18:35:51', '2017-09-18 18:35:51'),
('JB375488', 'اضرضار', 'مليكة', NULL, NULL, NULL, NULL, NULL, '2017-10-17 16:18:17', '2017-10-17 16:18:17'),
('JB384826', 'المودن', 'ياسين', '2017-08-23', 'باباغباغباغاغبابابابابلابل', '0666666666', NULL, NULL, '2017-09-26 17:22:25', '2017-09-26 17:22:25'),
('JB38860', 'اكرم', 'محمد', NULL, NULL, NULL, NULL, NULL, '2017-09-29 18:28:31', '2017-09-29 18:28:31'),
('JB4056', 'علا', 'الطيب', NULL, NULL, NULL, NULL, NULL, '2017-10-02 16:04:22', '2017-10-02 16:04:22'),
('JB411553', 'الرياحي', 'الشعيبية', NULL, NULL, NULL, NULL, NULL, '2017-09-21 17:29:18', '2017-09-21 17:29:18'),
('JB414931', 'المالكي', 'ياسين', '1989-12-17', 'بلفاع', '0610603939', 0, 'ضجيج', '2017-09-16 21:40:33', '2017-10-30 21:53:24'),
('JB421188', 'العليم', 'عبد الله', NULL, NULL, NULL, NULL, NULL, '2017-09-26 17:18:45', '2017-09-26 17:18:45'),
('JB432015', 'ايت الحسن', 'عبد الرحيم', NULL, NULL, NULL, NULL, NULL, '2017-10-19 21:08:37', '2017-10-19 21:08:37'),
('JB436882', 'ابراغ', 'حسناء', NULL, NULL, NULL, NULL, NULL, '2017-10-02 16:36:05', '2017-10-02 16:36:05'),
('JB442571', 'شكر', 'رابحة', NULL, NULL, NULL, NULL, NULL, '2017-09-21 21:03:18', '2017-09-21 21:03:18'),
('JB450917', 'احكوك', 'عمر', NULL, NULL, NULL, NULL, NULL, '2017-10-03 17:10:45', '2017-10-03 17:10:45'),
('JB45098', 'برايم', 'عبد الله', NULL, NULL, NULL, NULL, NULL, '2017-10-02 18:48:40', '2017-10-02 18:48:40'),
('JB454144', 'بوتس', 'عبد الله', NULL, NULL, NULL, NULL, NULL, '2017-09-28 18:47:13', '2017-09-28 18:47:13'),
('JB457060', 'تحوس', 'ياسين', NULL, NULL, NULL, NULL, NULL, '2017-09-20 20:25:24', '2017-09-20 20:25:24'),
('JB45941', 'شاكر', 'الحسن', NULL, NULL, NULL, NULL, NULL, '2017-10-19 21:07:11', '2017-10-19 21:07:11'),
('JB460455', 'المرسلي', 'كبير', NULL, NULL, NULL, NULL, NULL, '2017-10-18 17:44:23', '2017-10-18 17:44:23'),
('JB461568', 'الخايب', 'حسن', '1991-04-15', 'دوار درايد', NULL, NULL, NULL, '2017-09-18 18:42:49', '2017-09-18 18:42:49'),
('JB46450', 'عريرو', 'عبد العزيز', NULL, NULL, NULL, NULL, NULL, '2017-10-11 17:59:26', '2017-10-11 17:59:26'),
('JB46969', 'المنشط', 'الحسن', NULL, NULL, NULL, NULL, NULL, '2017-09-29 22:26:58', '2017-09-29 22:26:58'),
('JB489505', 'بودوش', 'احمد', NULL, NULL, NULL, NULL, NULL, '2017-10-13 17:37:09', '2017-10-13 17:37:09'),
('JB64080', 'زكار', 'ابراهيم', NULL, NULL, NULL, NULL, NULL, '2017-09-29 22:32:19', '2017-09-29 22:32:19'),
('JB69711', 'الماضي', 'عبدالله', NULL, NULL, NULL, NULL, NULL, '2017-10-19 19:14:23', '2017-10-19 19:14:23'),
('JB69827', 'اوزيان', 'الحسين', NULL, NULL, NULL, NULL, NULL, '2017-09-26 20:41:41', '2017-09-26 20:41:41'),
('JB7939', 'اماي', 'الحسن', NULL, NULL, NULL, NULL, NULL, '2017-09-21 21:45:47', '2017-09-21 21:45:47'),
('JB79675', 'اعراب', 'ايجة', NULL, NULL, NULL, NULL, NULL, '2017-09-19 21:53:12', '2017-09-19 21:53:12'),
('JB8308', 'شرفي', 'الحسن', NULL, NULL, NULL, NULL, NULL, '2017-09-26 18:23:56', '2017-09-26 18:23:56'),
('JB88716', 'ايت علي', 'عبد الرحمان', NULL, NULL, NULL, NULL, NULL, '2017-09-21 18:14:37', '2017-09-21 18:14:37'),
('JB89197', 'حراش', 'احمد', NULL, 'اكادير', NULL, NULL, NULL, '2017-10-03 16:35:52', '2017-10-03 16:35:52'),
('JB91896', 'عاموم', 'بلال', NULL, NULL, NULL, NULL, NULL, '2017-10-02 15:45:33', '2017-10-02 15:45:33'),
('JB96755', 'شرقي', 'الحسن', NULL, NULL, NULL, NULL, NULL, '2017-10-05 21:49:45', '2017-10-05 21:49:45'),
('JB98585', 'زايدي', 'ابراهيم', NULL, NULL, NULL, NULL, NULL, '2017-10-17 16:24:31', '2017-10-17 16:24:31'),
('JC152079', 'بوفوس', 'عبد الرحمان', NULL, NULL, NULL, NULL, NULL, '2017-09-29 22:25:26', '2017-09-29 22:25:26'),
('JC236877', 'اصغير', 'يوسف', NULL, NULL, NULL, NULL, NULL, '2017-10-13 17:13:08', '2017-10-13 17:13:08'),
('JC255642', 'ستار', 'فطومة', NULL, NULL, NULL, NULL, NULL, '2017-10-19 22:31:17', '2017-10-19 22:31:17'),
('JC33698', 'LAGZIZIR', 'MEHDIA', '1962-01-01', 'DR OULAD HPMAD SIDI HMED OAMER OULED TEIMA', NULL, NULL, NULL, '2017-09-18 16:09:41', '2017-09-18 16:09:41'),
('JC352079', 'بوفوس', 'عبد الرحمان', NULL, NULL, NULL, NULL, NULL, '2017-09-27 21:56:28', '2017-09-27 21:56:28'),
('JE 215468', 'ايت عيل', 'عبد الله', NULL, NULL, NULL, NULL, NULL, '2017-11-08 22:25:09', '2017-11-08 22:25:09'),
('JE151405', 'HAKA', 'YAMNA', NULL, NULL, NULL, NULL, NULL, '2017-09-18 15:59:50', '2017-09-18 15:59:50'),
('JE233544', 'بن طيفور', 'فاطمة', NULL, NULL, NULL, NULL, NULL, '2017-10-18 17:07:36', '2017-10-18 17:07:36'),
('JE240243', 'دوكمان', 'رضية', NULL, NULL, NULL, NULL, NULL, '2017-10-02 16:30:07', '2017-10-02 16:30:07'),
('JE74979', 'الملودي', 'صالح', NULL, NULL, NULL, NULL, NULL, '2017-09-29 22:29:39', '2017-09-29 22:29:39'),
('JH  34740', 'امريج', 'سفيان', NULL, NULL, NULL, NULL, NULL, '2017-10-05 18:49:35', '2017-10-05 18:49:35'),
('JH 42451', 'العبوسين', 'حنان', NULL, NULL, NULL, NULL, NULL, '2017-10-05 19:25:03', '2017-10-05 19:25:03'),
('JH 46654', 'اوباشا', 'حفيض', NULL, NULL, NULL, NULL, NULL, '2017-10-13 16:35:10', '2017-10-13 16:35:10'),
('JH 49058', 'البوشواري', 'ابراهيم', NULL, NULL, NULL, NULL, NULL, '2017-10-13 16:55:12', '2017-10-13 16:55:12'),
('JH 50233', 'هندوزي', 'وفاء', NULL, NULL, NULL, NULL, NULL, '2017-10-10 16:43:47', '2017-10-10 16:43:47'),
('JH 52008', 'الحميدي', 'نادية', NULL, NULL, NULL, NULL, NULL, '2017-10-05 18:51:46', '2017-10-05 18:51:46'),
('JH13599', 'عكاش', 'سفيان', NULL, NULL, NULL, NULL, NULL, '2017-10-04 16:12:01', '2017-10-04 16:12:01'),
('JH17074', 'مرافق', 'محمد', NULL, NULL, NULL, NULL, NULL, '2017-09-21 21:29:20', '2017-09-21 21:29:20'),
('JH1805', 'السعدي', 'عبداللطيف', NULL, NULL, NULL, NULL, NULL, '2017-09-27 17:04:02', '2017-09-27 17:04:02'),
('JH18304', 'امهال', 'براهيم', NULL, NULL, NULL, NULL, NULL, '2017-09-28 20:00:24', '2017-09-28 20:00:24'),
('JH19519', 'الهواري', 'نور الدين', NULL, NULL, NULL, NULL, NULL, '2017-10-10 17:50:24', '2017-10-10 17:50:24'),
('JH3418', 'مروك', 'الحسين', NULL, NULL, NULL, NULL, NULL, '2017-10-02 21:51:34', '2017-10-02 21:51:34'),
('JH34757', 'القضي', 'عبدالله', NULL, NULL, NULL, NULL, NULL, '2017-10-17 21:30:59', '2017-10-17 21:30:59'),
('JH34892', 'بوهادي', 'محمد', NULL, NULL, NULL, NULL, NULL, '2017-09-20 20:19:55', '2017-09-20 20:19:55'),
('JH36132', 'باري', 'رضوان', NULL, NULL, NULL, NULL, NULL, '2017-10-16 23:04:18', '2017-10-16 23:04:18'),
('JH37689', 'اشرف', 'مروان', NULL, NULL, NULL, NULL, NULL, '2017-10-02 17:26:43', '2017-10-02 17:26:43'),
('JH37735', 'العتماني', 'محمد', NULL, NULL, NULL, NULL, NULL, '2017-10-09 19:03:48', '2017-10-09 19:03:48'),
('JH39010', 'افقير', 'رقية', NULL, NULL, NULL, NULL, NULL, '2017-10-20 17:43:51', '2017-10-20 17:43:51'),
('JH40227', 'حرش الراس', 'دنيا', NULL, NULL, NULL, NULL, NULL, '2017-09-25 18:16:05', '2017-09-25 18:16:05'),
('JH40335', 'بن عبدالله', 'محمد', NULL, NULL, NULL, NULL, NULL, '2017-10-18 19:35:17', '2017-10-18 19:35:17'),
('JH42389', 'اوعكة', 'نعيمة', NULL, NULL, NULL, NULL, NULL, '2017-10-03 18:53:29', '2017-10-03 18:53:29'),
('JH43439', 'سناء', 'ااخمال', NULL, NULL, NULL, NULL, NULL, '2017-10-23 18:51:22', '2017-10-23 18:51:22'),
('JH43525', 'الخضر', 'اسماء', NULL, NULL, NULL, NULL, NULL, '2017-10-20 18:16:37', '2017-10-20 18:16:37'),
('JH44552', 'العسري', 'سهام', NULL, NULL, NULL, NULL, NULL, '2017-11-08 23:05:38', '2017-11-08 23:05:38'),
('JH45113', 'ارفاك', 'نور الدين', NULL, NULL, NULL, NULL, NULL, '2017-10-10 16:30:04', '2017-10-10 16:30:04'),
('JH45309', 'الجعوني', 'فاطمة الزهراء', NULL, NULL, NULL, NULL, NULL, '2017-10-06 20:02:35', '2017-10-06 20:02:35'),
('JH45721', 'ازيكي', 'حسام', NULL, NULL, NULL, NULL, NULL, '2017-09-26 16:20:22', '2017-09-26 16:20:22'),
('JH46288', 'وسي', 'محمد', NULL, 'بيوكرى', NULL, NULL, NULL, '2017-10-03 16:39:06', '2017-10-03 16:39:06'),
('JH46640', 'اشاوور', 'محمد', NULL, NULL, NULL, NULL, NULL, '2017-09-27 16:40:43', '2017-09-27 16:40:43'),
('JH46641', 'ايت  الوالي', 'عبد الكريم', NULL, NULL, NULL, NULL, NULL, '2017-10-05 18:30:39', '2017-10-05 18:30:39'),
('JH46753', 'السعيدي', 'حمزة', NULL, NULL, NULL, NULL, NULL, '2017-10-09 19:07:28', '2017-10-09 19:07:28'),
('JH46963', 'قيه', 'ايوب', NULL, NULL, NULL, NULL, NULL, '2017-09-15 23:35:20', '2017-09-15 23:35:20'),
('JH47898', 'بوكايز', 'فاطمة', NULL, NULL, NULL, NULL, NULL, '2017-10-10 15:45:58', '2017-10-10 15:45:58'),
('JH48716', 'لعفيفي', 'علي', NULL, NULL, NULL, NULL, NULL, '2017-09-25 17:50:52', '2017-09-25 17:50:52'),
('JH49017', 'عطربي', 'فتيحة', NULL, NULL, NULL, NULL, NULL, '2017-10-03 21:54:09', '2017-10-03 21:54:09'),
('JH50078', 'سعودي', 'فريد', NULL, NULL, NULL, NULL, NULL, '2017-10-09 19:08:36', '2017-10-09 19:08:36'),
('JH52775', 'وعزيز', 'كريمة', NULL, NULL, NULL, NULL, NULL, '2017-10-09 19:02:57', '2017-10-09 19:02:57'),
('JH53589', 'الجرفي', 'امين', NULL, 'مركز', NULL, NULL, NULL, '2017-10-03 16:12:36', '2017-10-03 16:12:36'),
('JH54449', 'داعلي', 'ابراهيم', NULL, 'بيوكرى', NULL, NULL, NULL, '2017-10-03 16:37:54', '2017-10-03 16:37:54'),
('JH8173', 'الخيراني', 'سفيان', NULL, NULL, NULL, NULL, NULL, '2017-10-02 18:35:55', '2017-10-02 18:35:55'),
('JH8409', 'ميزلي', 'رشيدة', NULL, NULL, NULL, NULL, NULL, '2017-10-05 21:55:37', '2017-10-05 21:55:37'),
('JM71295', 'تاكريدة', 'فتيحة', NULL, NULL, NULL, NULL, NULL, '2017-10-02 16:55:46', '2017-10-02 16:55:46'),
('JT12500', 'الدواني', 'نعيمة', NULL, NULL, NULL, NULL, NULL, '2017-10-16 22:55:36', '2017-10-16 22:55:36'),
('M329736', 'خالص', 'حفيضة', NULL, NULL, NULL, NULL, NULL, '2017-10-20 16:58:50', '2017-10-20 16:58:50'),
('M409691', 'دوماني', 'ابراهيم', NULL, NULL, NULL, NULL, NULL, '2017-09-25 16:19:50', '2017-09-25 16:19:50'),
('N 75279', 'غيروز', 'احمد', NULL, NULL, NULL, NULL, NULL, '2017-10-13 17:38:21', '2017-10-13 17:38:21'),
('N67337', 'بوفنتري', 'احمد', NULL, NULL, NULL, NULL, NULL, '2017-09-28 18:39:31', '2017-09-28 18:39:31'),
('N81262', 'الاتقان', 'احمد', NULL, NULL, NULL, NULL, NULL, '2017-09-25 22:13:30', '2017-09-25 22:13:30'),
('P284980', 'المستنصر', 'محمد', NULL, NULL, NULL, NULL, NULL, '2017-10-20 16:48:51', '2017-10-20 16:48:51'),
('PB1049058', 'الحومني', 'سكينة', NULL, NULL, NULL, NULL, NULL, '2017-09-25 18:34:12', '2017-09-25 18:34:12'),
('PB179323', 'شفيقي', 'عبد الحق', NULL, NULL, NULL, NULL, NULL, '2017-11-08 23:00:39', '2017-11-08 23:00:39'),
('PB64737', 'بوشرويط', 'عبد اللطيف', NULL, NULL, NULL, NULL, NULL, '2017-10-18 16:38:36', '2017-10-18 16:38:36'),
('QA23397', 'العمراني', 'بوعزة', NULL, NULL, NULL, NULL, NULL, '2017-09-26 16:21:23', '2017-09-26 16:21:23'),
('SH22568', 'اقطبع', 'حسن', NULL, NULL, NULL, NULL, NULL, '2017-11-08 22:54:04', '2017-11-08 22:54:04'),
('SH6019', 'قدي', 'لحسن', NULL, NULL, NULL, NULL, NULL, '2017-10-10 19:01:27', '2017-10-10 19:01:27'),
('SL 11229', 'ابيدار', 'علية', NULL, NULL, NULL, NULL, NULL, '2017-11-08 21:56:02', '2017-11-08 21:56:02'),
('UA 59192', 'جابر', 'حميد', NULL, NULL, NULL, NULL, NULL, '2017-10-02 22:27:27', '2017-10-02 22:27:27'),
('UA35123', 'الكور', 'عزيز', NULL, 'تزنيت', NULL, NULL, NULL, '2017-10-03 16:20:36', '2017-10-03 16:20:36'),
('V105446', 'ورحو', 'ايماس', NULL, NULL, NULL, NULL, NULL, '2017-09-29 16:43:36', '2017-09-29 16:43:36'),
('V238183', 'محراش', 'رشيد', NULL, NULL, NULL, NULL, NULL, '2017-10-10 16:41:00', '2017-10-10 16:41:00'),
('V238487', 'ويلول', 'فاطمة', NULL, NULL, NULL, NULL, NULL, '2017-09-20 20:36:41', '2017-09-20 20:36:41'),
('V238741', 'يطو', 'ااشميطي', NULL, NULL, NULL, NULL, NULL, '2017-10-23 18:35:00', '2017-10-23 18:35:00'),
('V256565', 'المفاوي', 'حادة', NULL, NULL, NULL, NULL, NULL, '2017-10-19 19:10:09', '2017-10-19 19:10:09'),
('X125768', 'المغروسة', 'بوعزة', NULL, NULL, NULL, NULL, NULL, '2017-10-06 20:06:55', '2017-10-06 20:06:55'),
('ى120017', 'الدهبي', 'فاطمة', NULL, 'ايت اعميرة', NULL, NULL, NULL, '2017-10-03 16:56:48', '2017-10-03 16:56:48');

--
-- Indexes for dumped tables
--

--
-- Indexes for table `divisions`
--
ALTER TABLE `divisions`
  ADD PRIMARY KEY (`id`);

--
-- Indexes for table `migrations`
--
ALTER TABLE `migrations`
  ADD PRIMARY KEY (`id`);

--
-- Indexes for table `password_resets`
--
ALTER TABLE `password_resets`
  ADD KEY `password_resets_email_index` (`email`);

--
-- Indexes for table `users`
--
ALTER TABLE `users`
  ADD PRIMARY KEY (`id`),
  ADD UNIQUE KEY `users_email_unique` (`email`);

--
-- Indexes for table `visites`
--
ALTER TABLE `visites`
  ADD PRIMARY KEY (`id`),
  ADD KEY `visiteur_id` (`visiteur_id`,`division_id`),
  ADD KEY `division_id` (`division_id`);

--
-- Indexes for table `visiteurs`
--
ALTER TABLE `visiteurs`
  ADD PRIMARY KEY (`id`);

--
-- AUTO_INCREMENT for dumped tables
--

--
-- AUTO_INCREMENT for table `divisions`
--
ALTER TABLE `divisions`
  MODIFY `id` int(11) NOT NULL AUTO_INCREMENT, AUTO_INCREMENT=24;
--
-- AUTO_INCREMENT for table `migrations`
--
ALTER TABLE `migrations`
  MODIFY `id` int(10) UNSIGNED NOT NULL AUTO_INCREMENT, AUTO_INCREMENT=5;
--
-- AUTO_INCREMENT for table `users`
--
ALTER TABLE `users`
  MODIFY `id` int(10) UNSIGNED NOT NULL AUTO_INCREMENT, AUTO_INCREMENT=6;
--
-- AUTO_INCREMENT for table `visites`
--
ALTER TABLE `visites`
  MODIFY `id` int(11) NOT NULL AUTO_INCREMENT, AUTO_INCREMENT=337;COMMIT;

/*!40101 SET CHARACTER_SET_CLIENT=@OLD_CHARACTER_SET_CLIENT */;
/*!40101 SET CHARACTER_SET_RESULTS=@OLD_CHARACTER_SET_RESULTS */;
/*!40101 SET COLLATION_CONNECTION=@OLD_COLLATION_CONNECTION */;
